{"global": 0.37623929778352866, "by_type": {"copy-move": 0.37623929778352866, "retouch": 0.39724044987291074, "splice": 0.43740102969473404}}