{"global": 0.7635687513570442, "by_domain": {"tamper_dir": 0.9943031933843377}, "by_type": {"copy-move": 0.8264735738445339, "retouch": 0.8264735738445339, "splice": 0.7635687513570442}}