{"global": 0.6410076793431749, "by_domain": {"tamper_dir": 0.7778286822171787}}